{
    "ems": {
        "preis_euro_pro_wh_akku": 0.0,
        "einspeiseverguetung_euro_pro_wh": 1e-08,
        "gesamtlast": [
            513.101,
            484.3328,
            423.4673,
            345.7955,
            346.4821,
            331.5505,
            290.3268,
            257.9763,
            324.0459,
            405.3464,
            450.5309,
            273.3642,
            437.5447,
            417.4877,
            433.6987,
            345.4357,
            336.4544,
            398.2828,
            262.7747,
            248.5857,
            288.5242,
            506.1448,
            562.6959,
            530.7224,
            469.7809,
            433.9219,
            361.6554,
            350.259,
            423.6601,
            313.6685,
            262.9509,
            246.4854,
            325.5675,
            457.7702,
            465.1143,
            341.0325,
            331.1557,
            276.1174,
            786.1839,
            509.5021,
            450.9824,
            600.6644,
            415.9696,
            348.3221,
            374.1569,
            1064.1188,
            539.2859,
            432.2194
        ],
        "pv_prognose_wh": [
            0,
            0,
            0,
            0,
            0,
            0,
            0,
            0,
            184.7125938776225,
            663.94456208493,
            686.9977972840886,
            546.5066264421937,
            580.2865199912043,
            758.6955263876206,
            1646.8576346853688,
            1434.1663642653689,
            1145.6144962178823,
            673.7351362907939,
            118.57031623081977,
            1.822502521553734,
            0,
            0,
            0,
            0,
            0,
            0,
            0,
            0,
            0,
            0,
            0,
            0,
            180.70205962180802,
            621.195134082699,
            684.5914103186699,
            529.9721718448184,
            572.340661666236,
            761.9467198389561,
            1662.2302540414044,
            1456.4564427247337,
            1173.2827074417924,
            692.2593924207074,
            122.0628745390873,
            3.6329734221768426,
            0,
            0,
            0,
            0
        ],
        "strompreis_euro_pro_wh": [
            0.0003088,
            0.0003099,
            0.0003125,
            0.0003138,
            0.0003215,
            0.0003231,
            0.0003747,
            0.000389,
            0.0003381,
            0.0003026,
            0.000269,
            0.0002137,
            0.000209,
            0.000209,
            0.0002246,
            0.0002934,
            0.0003476,
            0.0003862,
            0.0004057,
            0.0003864,
            0.0003585,
            0.0003358,
            0.0003297,
            0.0003174,
            0.0003164,
            0.0003164,
            0.0003177,
            0.0003181,
            0.0003268,
            0.000346,
            0.0003704,
            0.0003847,
            0.0003544,
            0.0003077,
            0.0002866,
            0.0002468,
            0.0002242,
            0.0002186,
            0.000253,
            0.0003162,
            0.0003601,
            0.0003873,
            0.0004667,
            0.0004216,
            0.0003859,
            0.0003665,
            0.0003507,
            0.000342
        ]
    },
    "pv_akku": {
        "kapazitaet_wh": 11059,
        "lade_effizienz": 0.88,
        "entlade_effizienz": 0.88,
        "max_ladeleistung_w": 5000,
        "start_soc_prozent": 46,
        "min_soc_prozent": 5,
        "max_soc_prozent": 100
    },
    "inverter": {
        "max_leistung_wh": 8500
    },
    "eauto": {
        "kapazitaet_wh": 1,
        "lade_effizienz": 0.9,
        "entlade_effizienz": 0.95,
        "max_ladeleistung_w": 1,
        "start_soc_prozent": 50,
        "min_soc_prozent": 5,
        "max_soc_prozent": 100
    },
    "dishwasher": {
        "consumption_wh": 1,
        "duration_h": 1
    },
    "temperature_forecast": [
        5.6,
        4.8,
        3.8,
        3.6,
        2.2,
        1.3,
        1.4,
        0.7,
        1,
        3.7,
        8.2,
        11.7,
        13.8,
        15,
        15.3,
        15.6,
        15.4,
        14.5,
        12.2,
        10.5,
        10.2,
        9.8,
        9.1,
        8.6,
        8,
        7.2,
        5.6,
        5.7,
        4.9,
        5.9,
        6.7,
        6.2,
        6.5,
        7.7,
        11.8,
        13.3,
        14.1,
        14.7,
        15.3,
        15.5,
        15.5,
        14.6,
        12.5,
        10.9,
        10.5,
        9.9,
        9.5,
        8.8
    ],
    "start_solution": null
}